Step,Value
0,502.33770751953125
43,39.137123107910156
86,17.479896545410156
129,41.59069061279297
172,36.74602508544922
215,16.630172729492188
258,17.353296279907227
301,25.577306747436523
344,30.493736267089844
387,34.81292724609375
430,25.283336639404297
473,29.84762191772461
516,32.301902770996094
559,31.9674015045166
602,31.850099563598633
645,24.8260498046875
688,23.675203323364258
731,30.371665954589844
774,16.785144805908203
817,28.911828994750977
860,30.195236206054688
903,17.899513244628906
946,27.34827995300293
989,25.153160095214844
1032,27.054548263549805
1075,24.471044540405273
1118,25.89583396911621
1161,29.310226440429688
1204,43.90573501586914
1247,20.499467849731445
1290,33.46109390258789
1333,29.883384704589844
1376,47.43528366088867
1419,18.239259719848633
1462,30.244827270507812
1505,17.01068878173828
1548,44.63267517089844
1591,15.468597412109375
1634,25.356292724609375
1677,24.832725524902344
1720,16.542911529541016
1763,31.64815902709961
1806,42.698143005371094
1849,22.968053817749023
1892,25.728702545166016
1935,30.382871627807617
1978,19.313812255859375
2021,42.86623001098633
2064,26.2911319732666
2107,25.11286735534668
2150,25.98261833190918
2193,44.16346740722656
2236,34.44647979736328
2279,34.910438537597656
2322,17.66037940979004
2365,17.890453338623047
2408,37.78910827636719
2451,34.825801849365234
2494,37.93144226074219
2537,29.891490936279297
2580,26.347637176513672
2623,24.33156967163086
2666,39.2308235168457
2709,37.595985412597656
2752,29.543399810791016
2795,40.48991394042969
2838,37.17494201660156
2881,25.63023567199707
2924,38.410423278808594
2967,24.72662925720215
3010,18.985986709594727
3053,31.704425811767578
3096,31.149625778198242
3139,31.65578842163086
3182,46.697853088378906
3225,30.283689498901367
3268,16.202211380004883
3311,26.2300968170166
3354,26.02243423461914
3397,18.579483032226562
3440,17.2727108001709
3483,17.720937728881836
3526,28.84697914123535
3569,18.627405166625977
3612,36.58151626586914
3655,33.09822082519531
3698,31.847476959228516
3741,19.214868545532227
3784,16.98136329650879
3827,30.831336975097656
3870,30.241966247558594
3913,30.708789825439453
3956,25.365352630615234
3999,24.550199508666992
4042,26.597023010253906
4085,23.42391014099121
4128,24.879932403564453
4171,28.783321380615234
4214,29.81090545654297
4257,30.902862548828125
4300,27.84585952758789
4343,23.396968841552734
4386,30.56955337524414
4429,42.79375076293945
4472,37.50634002685547
4515,24.94955062866211
4558,30.901432037353516
4601,24.701356887817383
4644,31.496763229370117
4687,16.620635986328125
4730,37.09864807128906
4773,29.551267623901367
4816,26.145219802856445
4859,35.02154541015625
4902,17.371177673339844
4945,40.600059509277344
4988,25.7720947265625
5031,25.063514709472656
5074,35.30168533325195
5117,16.701221466064453
5160,24.676084518432617
5203,30.081510543823242
5246,29.387474060058594
5289,30.144453048706055
5332,16.034603118896484
5375,29.692649841308594
5418,23.902177810668945
5461,14.724969863891602
5504,17.75217056274414
5547,29.50763702392578
5590,15.461921691894531
5633,15.907764434814453
5676,17.28057861328125
5719,29.51645851135254
5762,29.4497013092041
5805,31.517744064331055
5848,32.74273681640625
5891,40.42029571533203
5934,20.569562911987305
5977,25.16794204711914
6020,31.0361385345459
6063,29.913663864135742
6106,29.56843376159668
6149,15.500068664550781
6192,31.13389015197754
6235,15.051126480102539
6278,16.0982608795166
6321,30.32684326171875
6364,29.269695281982422
6407,38.04278564453125
6450,24.85966682434082
6493,30.603647232055664
6536,45.83049011230469
6579,27.459383010864258
6622,16.63827896118164
6665,22.569656372070312
6708,31.061649322509766
6751,31.646728515625
6794,25.58732032775879
6837,42.200565338134766
6880,30.282020568847656
6923,33.713104248046875
6966,25.610923767089844
7009,23.541927337646484
7052,46.73218536376953
7095,35.10284423828125
7138,44.707061767578125
7181,31.69083595275879
7224,32.84168243408203
7267,34.95574188232422
7310,30.463218688964844
7353,34.86919403076172
7396,31.111478805541992
7439,15.982389450073242
7482,26.905298233032227
7525,30.227184295654297
7568,26.55506134033203
7611,25.60138702392578
7654,27.860403060913086
7697,16.57724380493164
7740,22.185802459716797
7783,23.189306259155273
7826,30.786514282226562
7869,17.61484146118164
7912,41.6865348815918
7955,16.87455177307129
7998,36.013126373291016
8041,30.859708786010742
8084,35.59303283691406
8127,29.675006866455078
8170,31.99481964111328
8213,29.080629348754883
8256,22.632122039794922
8299,34.00349426269531
8342,39.52050018310547
8385,44.719696044921875
8428,31.873226165771484
8471,45.81165313720703
8514,26.616811752319336
8557,29.524803161621094
8600,36.93080139160156
8643,33.209800720214844
8686,17.405033111572266
8729,29.345035552978516
8772,30.027151107788086
8815,32.741310119628906
8858,34.859657287597656
8901,35.29548645019531
8944,30.103683471679688
8987,36.19718551635742
9030,38.93709182739258
9073,42.51170349121094
9116,27.37903594970703
9159,30.17258644104004
9202,16.77250862121582
9245,30.83038330078125
9288,29.613018035888672
9331,30.37548065185547
9374,27.306556701660156
9417,31.038999557495117
9460,31.446218490600586
9503,33.99038314819336
9546,25.354623794555664
9589,15.187501907348633
9632,17.252206802368164
9675,24.825334548950195
9718,43.67900085449219
9761,16.321897506713867
9804,33.1065673828125
9847,33.36524963378906
9890,46.205997467041016
9933,32.60588836669922
9976,27.478933334350586
10019,36.78274154663086
10062,26.532888412475586
10105,35.70008087158203
10148,32.375099182128906
10191,27.02617645263672
10234,43.171165466308594
10277,19.896745681762695
10320,46.7371940612793
10363,30.49921989440918
10406,36.72027587890625
10449,34.69586181640625
10492,31.32343292236328
10535,31.66341781616211
10578,43.018577575683594
10621,23.852825164794922
10664,26.547908782958984
10707,29.10447120666504
10750,16.93105697631836
10793,31.432628631591797
10836,16.965389251708984
10879,23.92292022705078
10922,17.84539222717285
10965,15.408515930175781
11008,32.90867614746094
11051,42.970420837402344
11094,31.287670135498047
11137,30.509471893310547
11180,25.790929794311523
11223,24.019718170166016
11266,27.297258377075195
11309,35.35723876953125
11352,26.410818099975586
11395,41.586875915527344
11438,31.822919845581055
11481,15.463829040527344
11524,18.662452697753906
11567,30.155658721923828
11610,24.99222755432129
11653,16.701698303222656
11696,19.41847801208496
11739,17.933130264282227
11782,31.765460968017578
11825,24.49774742126465
11868,32.779930114746094
11911,30.225515365600586
11954,16.233205795288086
11997,16.323566436767578
12040,18.8901424407959
12083,42.09685516357422
12126,29.072284698486328
12169,15.174388885498047
12212,38.340091705322266
12255,29.320478439331055
12298,18.14413070678711
12341,33.23078155517578
12384,25.110244750976562
12427,36.6053581237793
12470,25.884389877319336
12513,16.635656356811523
12556,25.55561065673828
12599,31.353473663330078
12642,18.89824867248535
12685,25.251150131225586
12728,31.31413459777832
12771,25.195837020874023
12814,36.227943420410156
12857,30.905485153198242
12900,64.27717590332031
12943,24.054765701293945
12986,23.966312408447266
13029,35.11238098144531
13072,25.809764862060547
13115,31.661033630371094
13158,40.9088134765625
13201,24.852991104125977
13244,48.96688461303711
13287,30.150413513183594
13330,25.596141815185547
13373,35.87055206298828
13416,32.85646438598633
13459,16.209125518798828
13502,30.5631160736084
13545,17.96245574951172
13588,34.684898376464844
13631,17.3187255859375
13674,32.23728942871094
13717,16.16644859313965
13760,16.228437423706055
13803,24.373769760131836
13846,31.5854549407959
13889,44.241668701171875
13932,30.555009841918945
13975,27.034282684326172
14018,29.719829559326172
14061,30.36332130432129
14104,17.33708381652832
14147,24.393558502197266
14190,32.520530700683594
14233,23.372888565063477
14276,35.562278747558594
14319,41.20063781738281
14362,39.42108154296875
14405,33.43128967285156
14448,37.62745666503906
14491,23.73194694519043
14534,17.22860336303711
14577,35.41779327392578
14620,33.48875045776367
14663,24.02639389038086
14706,45.2876091003418
14749,15.486717224121094
14792,29.562711715698242
14835,34.804107666015625
14878,30.385732650756836
14921,15.38395881652832
14964,17.408370971679688
15007,20.511627197265625
15050,16.40009880065918
15093,17.78244972229004
15136,26.039600372314453
15179,33.16569519042969
15222,16.28279685974121
15265,18.233060836791992
15308,32.414913177490234
15351,15.846014022827148
15394,37.029029846191406
15437,26.210308074951172
15480,30.098676681518555
15523,17.29273796081543
15566,26.34286880493164
15609,33.061744689941406
15652,46.81086730957031
15695,24.430036544799805
15738,29.706954956054688
15781,29.73461151123047
15824,27.03857421875
15867,21.927833557128906
15910,24.26433563232422
15953,34.55424499511719
15996,31.502246856689453
16039,22.54009246826172
16082,32.456398010253906
16125,27.512311935424805
16168,29.998302459716797
16211,15.979766845703125
16254,30.40146827697754
16297,30.01689910888672
16340,37.90760040283203
16383,27.188777923583984
16426,41.717529296875
16469,42.971134185791016
16512,34.9116325378418
16555,23.81420135498047
16598,16.312122344970703
16641,16.28255844116211
16684,18.267154693603516
16727,30.23052215576172
16770,16.755104064941406
16813,31.33392333984375
16856,17.841815948486328
16899,25.194406509399414
16942,17.467260360717773
16985,40.864707946777344
17028,32.390830993652344
17071,15.971183776855469
17114,16.951322555541992
17157,31.964540481567383
17200,42.708160400390625
17243,42.95015335083008
17286,27.50706672668457
17329,23.691892623901367
17372,27.10556983947754
17415,31.31556510925293
17458,29.97875213623047
17501,41.98026657104492
17544,17.403602600097656
17587,23.71358871459961
17630,19.227981567382812
17673,34.17182159423828
17716,29.812097549438477
17759,30.336380004882812
17802,30.39407730102539
17845,31.167268753051758
17888,27.24146842956543
17931,29.606342315673828
17974,35.06278991699219
18017,32.53245544433594
18060,26.660442352294922
18103,31.342506408691406
18146,19.444942474365234
18189,27.250051498413086
18232,19.40751075744629
18275,22.42255210876465
18318,16.554594039916992
18361,30.432939529418945
18404,28.917551040649414
18447,40.45677185058594
18490,19.23847198486328
18533,34.46888732910156
18576,23.15807342529297
18619,40.89546203613281
18662,31.445741653442383
18705,30.686616897583008
18748,30.480384826660156
18791,31.09908103942871
18834,18.763303756713867
18877,24.385452270507812
18920,44.13151550292969
18963,29.48904037475586
19006,25.939464569091797
19049,43.70665740966797
19092,16.928434371948242
19135,22.912025451660156
19178,32.347442626953125
19221,34.44218444824219
19264,30.74812889099121
19307,18.41115951538086
19350,29.715538024902344
19393,24.791479110717773
19436,28.035640716552734
19479,29.69193458557129
19522,45.991661071777344
19565,31.523466110229492
19608,43.417694091796875
19651,16.843080520629883
19694,25.251388549804688
19737,29.823780059814453
19780,29.87051010131836
19823,29.92415428161621
19866,16.31617546081543
19909,91.08138275146484
19952,36.67378234863281
19995,17.53854751586914
20038,44.73948669433594
20081,25.792598724365234
20124,26.485919952392578
20167,16.523361206054688
20210,36.61656188964844
20253,19.35887336730957
20296,43.16783142089844
20339,29.688358306884766
20382,31.84652328491211
20425,29.36553955078125
20468,30.306100845336914
20511,29.485225677490234
20554,28.776884078979492
20597,17.26984977722168
20640,45.51148223876953
20683,29.205799102783203
20726,20.505905151367188
20769,17.558574676513672
20812,32.87052917480469
20855,33.8435173034668
20898,30.854463577270508
20941,42.42086410522461
20984,27.721405029296875
21027,29.541730880737305
21070,38.191078186035156
21113,30.891895294189453
21156,26.986122131347656
21199,42.81139373779297
21242,16.11328125
21285,36.749122619628906
21328,25.84099769592285
21371,16.36219024658203
21414,37.32442855834961
21457,29.590845108032227
21500,48.84672164916992
21543,26.395082473754883
21586,31.63623809814453
21629,30.846357345581055
21672,29.743194580078125
21715,30.942440032958984
21758,17.789125442504883
21801,38.28907012939453
21844,25.82240104675293
21887,32.17649459838867
21930,31.495332717895508
21973,22.5374698638916
22016,27.111530303955078
22059,43.505191802978516
22102,26.98659896850586
22145,15.507698059082031
22188,30.408859252929688
22231,30.19094467163086
22274,31.286001205444336
22317,30.588626861572266
22360,24.72829818725586
22403,24.428844451904297
22446,23.419857025146484
22489,30.174732208251953
22532,20.90311050415039
22575,31.100988388061523
22618,45.06635665893555
22661,26.6268253326416
22704,25.455236434936523
22747,29.27684783935547
22790,42.3893928527832
22833,16.783952713012695
22876,29.702186584472656
22919,34.48223876953125
22962,32.1650505065918
23005,29.24370765686035
23048,39.30187225341797
23091,33.40768814086914
23134,29.369354248046875
23177,31.594514846801758
23220,28.0759334564209
23263,24.504661560058594
23306,31.108379364013672
23349,31.11433982849121
23392,32.759666442871094
23435,43.476104736328125
23478,39.38221740722656
23521,25.179386138916016
23564,30.95078468322754
23607,16.7238712310791
23650,31.18753433227539
23693,18.11051368713379
23736,21.088838577270508
23779,16.836166381835938
23822,20.596742630004883
23865,39.71839141845703
23908,20.245790481567383
23951,17.592191696166992
23994,25.449037551879883
24037,31.1887264251709
24080,31.829118728637695
24123,18.809080123901367
24166,44.325592041015625
24209,42.21558380126953
24252,30.634164810180664
24295,29.683589935302734
24338,19.556045532226562
24381,35.19630432128906
24424,30.678987503051758
24467,32.134056091308594
24510,32.171966552734375
24553,29.840469360351562
24596,43.954132080078125
24639,30.48419952392578
24682,25.538921356201172
24725,29.434680938720703
24768,45.011043548583984
24811,29.436826705932617
24854,17.258405685424805
24897,31.615257263183594
24940,34.8255615234375
24983,42.438270568847656
25026,31.639814376831055
25069,43.457984924316406
25112,30.278682708740234
25155,30.295133590698242
25198,25.125980377197266
25241,41.051387786865234
25284,30.73287010192871
25327,28.604507446289062
25370,18.75901222229004
25413,30.3347110748291
25456,33.184288024902344
25499,16.387939453125
25542,17.61770248413086
25585,17.78101921081543
25628,29.90889549255371
25671,15.141487121582031
25714,17.069101333618164
25757,22.182226181030273
25800,51.720619201660156
25843,16.966819763183594
25886,45.80497741699219
25929,30.24768829345703
25972,37.92023468017578
26015,30.521631240844727
26058,32.552001953125
26101,23.730754852294922
26144,29.151201248168945
26187,35.13383865356445
26230,19.3784236907959
26273,15.781879425048828
26316,16.62611961364746
26359,15.8233642578125
26402,25.41494369506836
26445,19.102096557617188
26488,24.95265007019043
26531,30.236005783081055
26574,24.321794509887695
26617,30.09772300720215
26660,31.275510787963867
26703,15.618562698364258
26746,30.421972274780273
26789,34.87825393676758
26832,31.708955764770508
26875,35.63404083251953
26918,31.261920928955078
26961,18.125295639038086
27004,24.820327758789062
27047,26.320219039916992
27090,17.950057983398438
27133,16.61515235900879
27176,38.33627700805664
27219,24.08456802368164
27262,17.973899841308594
27305,17.16160774230957
27348,27.670621871948242
27391,33.85472106933594
27434,25.953292846679688
27477,30.86996078491211
27520,31.460046768188477
27563,30.36665916442871
27606,44.81482696533203
27649,32.22370147705078
27692,21.189212799072266
27735,30.40623664855957
27778,25.367021560668945
27821,31.622886657714844
27864,30.834436416625977
27907,33.51449966430664
27950,30.231237411499023
27993,24.54996109008789
28036,32.159568786621094
28079,16.618967056274414
28122,31.036853790283203
28165,43.55907440185547
28208,29.96683120727539
28251,31.69870376586914
28294,47.679664611816406
28337,24.634599685668945
28380,25.188446044921875
28423,34.82341766357422
28466,36.16142272949219
28509,23.14162254333496
28552,29.917001724243164
28595,37.82033920288086
28638,16.642332077026367
28681,16.800880432128906
28724,28.12933921813965
28767,38.753273010253906
28810,21.702051162719727
28853,15.377283096313477
28896,26.62205696105957
28939,29.857397079467773
28982,44.945953369140625
29025,27.3740291595459
29068,28.896570205688477
29111,36.17930603027344
29154,46.06914520263672
29197,43.114662170410156
29240,24.35779571533203
29283,25.00772476196289
29326,27.866125106811523
29369,33.86997985839844
29412,30.999183654785156
29455,16.11185073852539
29498,46.934364318847656
29541,16.247987747192383
29584,17.062902450561523
29627,28.208494186401367
29670,28.0609130859375
29713,30.264616012573242
29756,15.958070755004883
29799,45.96233367919922
29842,31.30197525024414
29885,23.22554588317871
29928,26.137828826904297
29971,40.6646728515625
30014,38.69652557373047
30057,24.25408363342285
30100,57.64221954345703
30143,42.52338409423828
30186,17.27008819580078
30229,29.152393341064453
30272,16.046524047851562
30315,18.544673919677734
30358,28.47743034362793
30401,20.429611206054688
30444,44.59953308105469
30487,30.79986572265625
30530,43.94745635986328
30573,16.489505767822266
30616,17.789363861083984
30659,29.38985824584961
30702,29.71053123474121
30745,42.31834411621094
30788,45.632362365722656
30831,30.190229415893555
30874,19.254446029663086
30917,32.66215515136719
30960,30.133962631225586
31003,32.22107696533203
31046,44.51060485839844
31089,30.19571304321289
31132,43.38813018798828
31175,29.119253158569336
31218,16.135215759277344
31261,35.18939208984375
31304,29.126644134521484
31347,15.166521072387695
31390,25.389671325683594
31433,24.927854537963867
31476,26.08799934387207
31519,34.27815246582031
31562,30.570507049560547
31605,31.032562255859375
31648,31.026840209960938
31691,43.35570526123047
31734,32.77516174316406
31777,18.09978485107422
31820,21.56972885131836
31863,29.654979705810547
31906,45.46689987182617
31949,41.33820343017578
31992,25.450468063354492
32035,42.89508056640625
32078,32.901527404785156
32121,44.89707946777344
32164,30.226469039916992
32207,24.013519287109375
32250,17.499208450317383
32293,42.768001556396484
32336,19.542217254638672
32379,36.716461181640625
32422,24.8720645904541
32465,18.13793182373047
32508,23.600339889526367
32551,16.509294509887695
32594,30.373573303222656
32637,29.37483787536621
32680,26.761293411254883
32723,29.13951873779297
32766,16.917705535888672
32809,39.03055191040039
32852,25.171279907226562
32895,26.37505531311035
32938,25.899171829223633
32981,22.88961410522461
33024,38.191795349121094
33067,34.5158576965332
33110,27.159690856933594
33153,24.516820907592773
33196,30.074119567871094
33239,22.504329681396484
33282,31.764984130859375
33325,29.636383056640625
33368,33.19621276855469
33411,30.705690383911133
33454,36.246299743652344
33497,27.779817581176758
33540,25.42281150817871
33583,35.7615966796875
33626,28.800010681152344
33669,14.999628067016602
33712,17.257213592529297
33755,21.623849868774414
33798,16.43967628479004
33841,25.551319122314453
33884,33.17189025878906
33927,18.880844116210938
33970,25.821208953857422
34013,32.50885009765625
34056,48.62165451049805
34099,18.89944076538086
34142,28.139591217041016
34185,31.478404998779297
34228,30.348777770996094
34271,41.28265380859375
34314,24.814844131469727
34357,16.01576805114746
34400,37.79411315917969
34443,40.61317443847656
34486,25.078296661376953
34529,29.29401397705078
34572,25.758743286132812
34615,31.054258346557617
34658,15.784978866577148
34701,26.072025299072266
34744,30.501365661621094
34787,15.326738357543945
34830,20.059585571289062
34873,27.316570281982422
34916,16.335248947143555
34959,26.116609573364258
35002,32.82475280761719
35045,27.71735191345215
35088,40.620567321777344
35131,31.697988510131836
35174,17.7304744720459
35217,30.138015747070312
35260,29.882192611694336
35303,24.302005767822266
35346,27.747392654418945
35389,31.391620635986328
35432,43.63203048706055
35475,17.724990844726562
35518,47.04475402832031
35561,26.565074920654297
35604,28.560161590576172
35647,27.690887451171875
35690,31.036853790283203
35733,31.854629516601562
35776,29.276609420776367
35819,25.788307189941406
35862,29.44326400756836
35905,31.271696090698242
35948,42.896034240722656
35991,20.839214324951172
36034,40.3697509765625
36077,29.569149017333984
36120,25.70509910583496
36163,16.744375228881836
36206,30.03859519958496
36249,30.907154083251953
36292,41.39399719238281
36335,30.451536178588867
36378,16.189098358154297
36421,24.487972259521484
36464,25.52175521850586
36507,45.24970245361328
36550,38.78044891357422
36593,17.563343048095703
36636,38.86699676513672
36679,42.41728973388672
36722,17.26078987121582
36765,18.25737953186035
36808,33.04719924926758
36851,41.187049865722656
36894,29.659271240234375
36937,33.37287902832031
36980,32.14120864868164
37023,24.90973472595215
37066,16.136884689331055
37109,43.54786682128906
37152,24.892568588256836
37195,30.924081802368164
37238,18.62621307373047
37281,16.315460205078125
37324,26.64661407470703
37367,24.420499801635742
37410,31.777381896972656
37453,16.002416610717773
37496,35.899879455566406
37539,32.31096267700195
37582,30.49468994140625
37625,34.29222106933594
37668,29.395103454589844
37711,17.949581146240234
37754,19.031524658203125
37797,16.33930206298828
37840,17.212629318237305
37883,17.903804779052734
37926,29.907703399658203
37969,24.014711380004883
38012,32.49692916870117
38055,23.595094680786133
38098,17.494916915893555
38141,37.543296813964844
38184,28.846263885498047
38227,38.95831298828125
38270,40.103912353515625
38313,18.43881607055664
38356,47.49727249145508
38399,31.34441375732422
38442,37.63914108276367
38485,16.63374900817871
38528,26.424407958984375
38571,24.445056915283203
38614,45.36700439453125
38657,30.606985092163086
38700,53.80940246582031
38743,31.600475311279297
38786,38.8798713684082
38829,15.488147735595703
38872,18.30148696899414
38915,17.611980438232422
38958,40.311336517333984
39001,27.09364891052246
39044,28.353214263916016
39087,31.69846534729004
39130,25.351524353027344
39173,33.94937515258789
39216,29.666662216186523
39259,25.898218154907227
39302,33.189056396484375
39345,30.556201934814453
39388,26.452302932739258
39431,31.24547004699707
39474,17.096519470214844
39517,41.18490219116211
39560,26.421546936035156
39603,21.26312255859375
39646,16.12567901611328
39689,17.054319381713867
39732,18.44334602355957
39775,30.618906021118164
39818,32.51171112060547
39861,37.72115707397461
39904,40.469886779785156
39947,43.849945068359375
39990,25.5582332611084
40033,36.8037223815918
40076,18.239736557006836
40119,34.320831298828125
40162,29.18696403503418
40205,25.9244441986084
40248,37.886619567871094
40291,16.78180694580078
40334,22.022247314453125
40377,16.936540603637695
40420,18.89824867248535
40463,41.5496826171875
40506,19.4857120513916
40549,43.31421661376953
40592,31.79335594177246
40635,36.1328125
40678,30.682802200317383
40721,30.698776245117188
40764,30.292034149169922
40807,18.17941665649414
40850,29.7391414642334
40893,28.2137393951416
40936,31.218290328979492
40979,26.027441024780273
41022,35.63666534423828
41065,32.70435333251953
41108,30.155658721923828
41151,40.76457214355469
41194,31.496763229370117
41237,29.58083152770996
41280,29.83403205871582
41323,33.70690155029297
41366,37.157535552978516
41409,31.11410140991211
41452,20.681142807006836
41495,33.5545539855957
41538,25.176286697387695
41581,28.992414474487305
41624,29.93178367614746
41667,29.8922061920166
41710,17.25292205810547
41753,17.824172973632812
41796,32.15789794921875
41839,24.259090423583984
41882,24.966001510620117
41925,17.243385314941406
41968,15.588998794555664
42011,25.986433029174805
42054,45.842647552490234
42097,18.723487854003906
42140,24.593591690063477
42183,44.13628387451172
42226,45.1812744140625
42269,17.31133460998535
42312,16.598939895629883
42355,16.600370407104492
42398,27.989625930786133
42441,29.60062026977539
42484,24.54233169555664
42527,24.39570426940918
42570,30.759096145629883
42613,19.13285255432129
42656,16.04938507080078
42699,15.542268753051758
42742,25.798797607421875
42785,16.91436767578125
42828,17.94147491455078
42871,16.44301414489746
42914,30.04169464111328
42957,29.71649169921875
43000,126.6775131225586
43043,37.672279357910156
43086,31.418561935424805
43129,33.539772033691406
43172,26.986122131347656
43215,47.89519500732422
43258,46.92005920410156
43301,21.24762535095215
43344,30.155420303344727
43387,33.0510139465332
43430,22.551536560058594
43473,16.782760620117188
43516,43.94817352294922
43559,34.5001220703125
43602,17.046451568603516
43645,31.613826751708984
43688,42.88530349731445
43731,18.304824829101562
43774,30.45654296875
43817,35.27808380126953
43860,27.937650680541992
43903,45.48311233520508
43946,18.349885940551758
43989,31.14795684814453
44032,27.3897647857666
44075,31.946420669555664
44118,30.838727951049805
44161,32.247066497802734
44204,21.32129669189453
44247,14.850378036499023
44290,26.568174362182617
44333,31.348228454589844
44376,16.224384307861328
44419,30.466794967651367
44462,30.25507926940918
44505,34.842254638671875
44548,25.466442108154297
44591,31.878948211669922
44634,27.476072311401367
44677,30.88092803955078
44720,29.43730354309082
44763,15.145063400268555
44806,18.001794815063477
44849,36.49711608886719
44892,30.894994735717773
44935,28.043270111083984
44978,29.27255630493164
45021,34.3017578125
45064,27.341604232788086
45107,30.47800064086914
45150,27.524709701538086
45193,29.384136199951172
45236,30.864953994750977
45279,34.19351577758789
45322,32.9289436340332
45365,27.829885482788086
45408,29.747486114501953
45451,29.256105422973633
45494,37.618873596191406
45537,29.93297576904297
45580,15.993595123291016
45623,24.871349334716797
45666,29.903888702392578
45709,17.242908477783203
45752,25.801897048950195
45795,24.776458740234375
45838,26.743650436401367
45881,19.232749938964844
45924,17.34447479248047
45967,30.514955520629883
46010,25.23350715637207
46053,25.853872299194336
46096,31.234025955200195
46139,34.015892028808594
46182,34.37995910644531
46225,34.6684455871582
46268,17.475128173828125
46311,16.47663116455078
46354,39.05677795410156
46397,30.94482421875
46440,17.195701599121094
46483,24.88565444946289
46526,18.620729446411133
46569,34.86299514770508
46612,17.587900161743164
46655,32.926795959472656
46698,26.04055404663086
46741,21.744251251220703
46784,17.174482345581055
46827,30.893802642822266
46870,30.75718879699707
46913,30.51614761352539
46956,30.899763107299805
46999,15.724658966064453
47042,30.67755699157715
47085,32.34577178955078
47128,30.774593353271484
47171,29.50286865234375
47214,32.38654327392578
47257,19.610881805419922
47300,36.08012390136719
47343,29.199600219726562
47386,25.964021682739258
47429,30.130386352539062
47472,17.119884490966797
47515,42.491912841796875
47558,37.733314514160156
47601,41.63384246826172
47644,25.16961097717285
47687,41.4271354675293
47730,29.248714447021484
47773,42.01936721801758
47816,31.74901008605957
47859,23.199796676635742
47902,30.809640884399414
47945,31.44359588623047
47988,30.164480209350586
48031,26.902198791503906
48074,25.899410247802734
48117,44.08812713623047
48160,36.309242248535156
48203,29.713153839111328
48246,16.71004295349121
48289,22.953271865844727
48332,17.643451690673828
48375,29.604434967041016
48418,32.21392822265625
48461,30.428647994995117
48504,27.395963668823242
48547,31.6774845123291
48590,45.24517059326172
48633,16.541719436645508
48676,22.192955017089844
48719,26.646852493286133
48762,28.555631637573242
48805,23.70166778564453
48848,45.89986801147461
48891,17.554759979248047
48934,25.475025177001953
48977,30.1973819732666
49020,39.865970611572266
49063,30.124664306640625
49106,38.36322021484375
49149,28.88965606689453
49192,24.867534637451172
49235,16.7238712310791
49278,19.414663314819336
49321,38.39802551269531
49364,34.913063049316406
49407,25.32362937927246
49450,32.81330871582031
49493,31.360387802124023
49536,37.34612274169922
49579,18.869400024414062
49622,35.27975082397461
49665,30.54213523864746
49708,37.20832061767578
49751,17.2884464263916
49794,29.911279678344727
49837,17.86351203918457
49880,17.423391342163086
49923,43.75672149658203
49966,37.44960021972656
50009,43.65205764770508
50052,46.41151428222656
50095,33.20121765136719
50138,16.65472984313965
50181,31.14771842956543
50224,17.58551597595215
50267,27.87327766418457
50310,31.296253204345703
50353,22.145748138427734
50396,24.730443954467773
50439,31.890153884887695
50482,25.29764175415039
50525,17.55666732788086
50568,17.348051071166992
50611,15.497684478759766
50654,26.454448699951172
50697,40.739295959472656
50740,26.595592498779297
50783,30.191421508789062
50826,29.320240020751953
50869,29.175996780395508
50912,37.69183349609375
50955,41.80002212524414
50998,30.000925064086914
51041,35.38799285888672
51084,17.772674560546875
51127,22.182226181030273
51170,23.12159538269043
51213,16.56961441040039
51256,19.060611724853516
51299,30.16185760498047
51342,16.3118839263916
51385,30.498027801513672
51428,23.28205108642578
51471,29.248952865600586
51514,18.489360809326172
51557,35.23993682861328
51600,42.22607421875
51643,41.32843017578125
51686,19.812345504760742
51729,29.223918914794922
51772,31.377553939819336
51815,43.634891510009766
51858,44.21091079711914
51901,21.874189376831055
51944,31.908273696899414
51987,46.685935974121094
52030,34.69062042236328
52073,31.661510467529297
52116,31.059980392456055
52159,29.20246124267578
52202,25.74777603149414
52245,29.707670211791992
52288,30.867576599121094
52331,24.7955322265625
52374,24.67942237854004
52417,30.43365478515625
52460,17.230749130249023
52503,25.68793296813965
52546,17.464160919189453
52589,26.928186416625977
52632,30.851125717163086
52675,42.64807891845703
52718,44.73948669433594
52761,35.7513427734375
52804,16.620635986328125
52847,15.513896942138672
52890,32.2265625
52933,18.190622329711914
52976,19.00506019592285
53019,29.979944229125977
53062,25.907516479492188
53105,18.69058609008789
53148,28.499603271484375
53191,24.724721908569336
53234,18.828630447387695
53277,24.927854537963867
53320,30.188322067260742
53363,27.437686920166016
53406,32.689571380615234
53449,19.040346145629883
53492,30.164718627929688
53535,35.40301513671875
53578,17.41480827331543
53621,29.762983322143555
53664,30.035734176635742
53707,25.88033676147461
53750,34.60216522216797
53793,31.785964965820312
53836,30.591249465942383
53879,25.24566650390625
53922,30.50374984741211
53965,29.835224151611328
54008,36.79466247558594
54051,16.0980224609375
54094,31.769275665283203
54137,29.009580612182617
54180,30.825138092041016
54223,16.54052734375
54266,16.022682189941406
54309,16.675233840942383
54352,16.149520874023438
54395,15.241861343383789
54438,16.65806770324707
54481,14.99485969543457
54524,15.354633331298828
54567,15.92564582824707
54610,15.981674194335938
54653,14.780282974243164
54696,15.433073043823242
54739,24.425506591796875
54782,16.571998596191406
54825,16.437292098999023
54868,17.96102523803711
54911,29.677629470825195
54954,31.774520874023438
54997,21.462440490722656
55040,26.90720558166504
55083,24.60026741027832
55126,21.327733993530273
55169,17.143964767456055
55212,37.32156753540039
55255,24.80936050415039
55298,25.743722915649414
55341,16.728878021240234
55384,30.682802200317383
55427,28.385639190673828
55470,18.563032150268555
55513,15.590429306030273
55556,37.0635986328125
55599,23.906469345092773
55642,24.631977081298828
55685,29.871463775634766
55728,27.762413024902344
55771,32.52625274658203
55814,31.28814697265625
55857,25.311946868896484
55900,29.118776321411133
55943,25.533676147460938
55986,30.46441078186035
56029,27.615785598754883
56072,46.52381134033203
56115,27.016162872314453
56158,15.990495681762695
56201,22.76611328125
56244,18.605947494506836
56287,26.42679214477539
56330,26.523351669311523
56373,25.349855422973633
56416,18.05877685546875
56459,16.588687896728516
56502,30.209779739379883
56545,17.166852951049805
56588,26.46923065185547
56631,25.65288543701172
56674,44.162513732910156
56717,16.713857650756836
56760,43.4315185546875
56803,29.755830764770508
56846,16.277790069580078
56889,30.426740646362305
56932,28.78880500793457
56975,17.906904220581055
57018,19.561767578125
57061,30.128955841064453
57104,16.605854034423828
57147,24.353504180908203
57190,18.029451370239258
57233,32.28497314453125
57276,95.94440460205078
57319,33.506629943847656
57362,45.68815231323242
57405,24.87969398498535
57448,30.587434768676758
57491,38.47050476074219
57534,35.65001678466797
57577,23.41294288635254
57620,25.30980110168457
57663,29.912471771240234
57706,30.678987503051758
57749,22.220134735107422
57792,31.255245208740234
57835,44.378517150878906
57878,30.330896377563477
57921,18.781185150146484
57964,34.16633605957031
58007,36.281822204589844
58050,25.478363037109375
58093,25.54941177368164
58136,32.63378143310547
58179,22.606611251831055
58222,37.86325454711914
58265,31.70013427734375
58308,29.976844787597656
58351,18.006563186645508
58394,19.204139709472656
58437,33.9970588684082
58480,26.28803253173828
58523,25.136709213256836
58566,30.20787239074707
58609,29.96206283569336
58652,29.714345932006836
58695,25.346755981445312
58738,30.002117156982422
58781,33.83302688598633
58824,29.4649600982666
58867,16.562461853027344
58910,25.47764778137207
58953,36.28993225097656
58996,37.970306396484375
59039,26.912212371826172
59082,24.47199821472168
59125,31.966686248779297
59168,19.042491912841797
59211,33.6048583984375
59254,29.238224029541016
59297,17.623186111450195
59340,24.785518646240234
59383,25.9857177734375
59426,19.04153823852539
59469,22.904634475708008
59512,25.073528289794922
59555,31.723499298095703
59598,33.601043701171875
59641,31.646013259887695
59684,26.504993438720703
59727,18.626689910888672
59770,18.3255672454834
59813,30.83038330078125
59856,47.8968620300293
59899,34.59024429321289
59942,16.43204689025879
59985,31.077146530151367
